{
  "attack": {
    "0017ed20-dc79-4f24-964f-fd65a5ab492d": -0.7967946788080366,
    "066ce42c-e933-4825-890a-82963e517175": -0.25670834794330255,
    "179a8591-123e-462c-b0c3-adfa9b0cdc16": 0.8960429990507532,
    "1f3f5a16-671c-487c-a315-66b60b5c5227": -1.162884035484725,
    "20410576-7f67-4a66-93ab-d66bcd982427": -0.5639441610808391,
    "347d361a-2ef6-42de-b9fa-a5fbdff4ba10": -1.713588402242747,
    "37d6ca03-7c37-44a4-b6b3-8ebcc02e8cea": 0.5822462020834015,
    "3b963645-d082-4cb1-a15d-b7a185e43c61": -0.16668536684220825,
    "464d2957-c2d0-4bc5-8bca-8881baa1a69e": -0.031068930516404886,
    "51c3bc0b-218a-4005-a59d-3011a221cb7c": 0.30909071986510755,
    "5852b628-0048-4781-a245-033dfaa1b314": -0.6485293830402417,
    "62795f6d-19e8-4356-876b-93c212b9f245": -1.3318377642939343,
    "68458551-9bca-45f1-9fbb-2885709f5945": -0.01228875486779994,
    "70b988ee-e57a-450b-816a-a0af418a86eb": 0.588017204229845,
    "7dd81eba-4648-43fe-9721-b6c987082473": 0.6588639221364354,
    "88e3d27f-703c-494a-bef1-e3c7907b3f82": 0.8733005508171888,
    "9223afdc-9c40-41a2-a680-08abae851324": 0.21454137021983252,
    "959bd455-e920-4a35-a127-b13eb06c8229": -0.7177957904724824,
    "9e72a30e-77fd-4c5b-9192-28ba9bce0933": -0.2891040243658878,
    "9f6d3687-b7a6-4fbe-a08e-c38e1b77141e": 1.1934671452833936,
    "a7b0e816-d768-4391-bf1e-8fe91b922944": 0.16630606448767501,
    "b3fc66b0-41f8-45ca-92d1-4f9b9f279530": -0.24067353947516693,
    "bdb6a429-3a49-4897-85f5-396554e98bd5": 1.6669724709513398,
    "cf2a3ed4-fbf2-40ce-b886-7ffbc05fce7e": -0.40169347844193587,
    "d5705e05-09f4-4f76-9f67-989d88a9b8c5": -0.11381199016333036,
    "d92d73f2-08a8-488e-8183-b02c412c499c": 1.1363136725173584,
    "dbba0474-1f35-4203-8ecf-10af78e8e091": 0.3387505591619663,
    "dee6ad45-070f-45e2-ab3c-9efa556c1159": -0.4013315339207268,
    "e90f13a4-a2e7-4bf1-8cee-95bd5907b65e": -0.5027873006308627,
    "f376014e-ec54-4cf7-9b53-b527d03f91d5": -0.030281269018909727,
    "f8d48c30-eabd-465b-b5a1-b812b73c7ec8": 0.7578958708052448
  },
  "defense": {
    "0017ed20-dc79-4f24-964f-fd65a5ab492d": 0.19280764111568013,
    "066ce42c-e933-4825-890a-82963e517175": -0.10288114929526082,
    "179a8591-123e-462c-b0c3-adfa9b0cdc16": -0.6276605081575698,
    "1f3f5a16-671c-487c-a315-66b60b5c5227": 0.2680423021909906,
    "20410576-7f67-4a66-93ab-d66bcd982427": -0.8007493056986474,
    "347d361a-2ef6-42de-b9fa-a5fbdff4ba10": -0.18567804180995007,
    "37d6ca03-7c37-44a4-b6b3-8ebcc02e8cea": 0.7701599286046032,
    "3b963645-d082-4cb1-a15d-b7a185e43c61": 1.5758268382331733,
    "464d2957-c2d0-4bc5-8bca-8881baa1a69e": 1.3646732431015196,
    "51c3bc0b-218a-4005-a59d-3011a221cb7c": -0.1496987231282643,
    "5852b628-0048-4781-a245-033dfaa1b314": 1.0426009073427256,
    "62795f6d-19e8-4356-876b-93c212b9f245": -0.4415876778746178,
    "68458551-9bca-45f1-9fbb-2885709f5945": -0.02393443572980088,
    "70b988ee-e57a-450b-816a-a0af418a86eb": 0.06429351015332797,
    "7dd81eba-4648-43fe-9721-b6c987082473": -0.7991395522636374,
    "88e3d27f-703c-494a-bef1-e3c7907b3f82": -0.5325606131839109,
    "9223afdc-9c40-41a2-a680-08abae851324": 0.6532046099756293,
    "959bd455-e920-4a35-a127-b13eb06c8229": 0.7448532851404162,
    "9e72a30e-77fd-4c5b-9192-28ba9bce0933": 0.9480560695089068,
    "9f6d3687-b7a6-4fbe-a08e-c38e1b77141e": -0.7016209290273532,
    "a7b0e816-d768-4391-bf1e-8fe91b922944": 0.4706436826833111,
    "b3fc66b0-41f8-45ca-92d1-4f9b9f279530": -1.0545920679216854,
    "bdb6a429-3a49-4897-85f5-396554e98bd5": -0.36488645040438056,
    "cf2a3ed4-fbf2-40ce-b886-7ffbc05fce7e": -2.001702449836091,
    "d5705e05-09f4-4f76-9f67-989d88a9b8c5": 1.1980436944905386,
    "d92d73f2-08a8-488e-8183-b02c412c499c": -0.5551994155433394,
    "dbba0474-1f35-4203-8ecf-10af78e8e091": -0.456867943943319,
    "dee6ad45-070f-45e2-ab3c-9efa556c1159": -0.5186822817009086,
    "e90f13a4-a2e7-4bf1-8cee-95bd5907b65e": -0.14233752864220586,
    "f376014e-ec54-4cf7-9b53-b527d03f91d5": 1.1031651528352515,
    "f8d48c30-eabd-465b-b5a1-b812b73c7ec8": -0.9365917912151317
  },
  "home_advantage": 0.04976352226915759,
  "rho": 0.19831530392214344,
  "fitted_at": "2026-05-08T02:10:37.301734+00:00"
}